{"cameraMode":{"drawMode":0,"name":"Shaded","section":"Shading Mode"},"sceneLighting":true,"audioPlay":false,"sceneViewState":{"m_AlwaysRefresh":false,"showFog":true,"showSkybox":true,"showFlares":true,"showImageEffects":true,"showParticleSystems":true,"showVisualEffectGraphs":true,"m_FxEnabled":true},"in2DMode":false,"pivot":{"x":-5.985849380493164,"y":-11.406140327453614,"z":14.12983226776123},"rotation":{"x":0.6485073566436768,"y":-0.019404517486691476,"z":0.016540056094527246,"w":0.7607817649841309},"size":9.910513877868653,"orthographic":false}